Sampling Date,NO2,y,baseline_pred,dt_pred,gbr_pred
01/12/2012,18.0,19.0,18.0,18.273809524285713,18.575372399354833
01/19/2012,19.0,20.0,19.0,21.133333333000003,19.896338132596714
01/24/2012,20.0,23.0,20.0,18.223333333,18.261238333586487
01/31/2012,23.0,16.0,23.0,26.21666666666667,23.905380526539297
02/02/2012,16.0,18.0,16.0,19.53846153846154,18.928184423237273
02/07/2012,18.0,18.0,18.0,18.273809524285713,18.575372399354833
02/09/2012,18.0,20.0,18.0,18.273809524285713,18.575372399354833
02/14/2012,20.0,26.0,20.0,18.223333333,18.261238333586487
02/16/2012,26.0,17.0,26.0,23.25,23.07135174897287
02/21/2012,17.0,20.0,17.0,17.27777777777778,17.8117483576731
02/28/2012,20.0,24.0,20.0,18.223333333,18.261238333586487
03/01/2012,24.0,26.0,24.0,22.0,21.754829513730098
03/06/2012,26.0,24.0,26.0,23.25,23.07135174897287
03/08/2012,24.0,25.0,24.0,22.0,21.754829513730098
03/13/2012,25.0,24.0,25.0,25.166666666666668,23.542178613055178
03/15/2012,24.0,28.0,24.0,22.0,21.754829513730098
03/20/2012,28.0,28.0,28.0,24.4,24.905024600431602
03/22/2012,28.0,23.0,28.0,24.4,24.905024600431602
03/27/2012,23.0,24.0,23.0,26.21666666666667,23.905380526539297
03/29/2012,24.0,23.0,24.0,22.0,21.754829513730098
04/03/2012,23.0,24.0,23.0,26.21666666666667,23.905380526539297
04/10/2012,24.0,23.0,24.0,22.0,21.754829513730098
04/12/2012,23.0,21.0,23.0,26.21666666666667,23.905380526539297
04/17/2012,21.0,27.0,21.0,13.333333333333334,16.57332904542563
04/19/2012,27.0,22.0,27.0,25.2,24.905024600431602
04/24/2012,22.0,24.0,22.0,56.166666666666664,54.34224847135922
04/26/2012,24.0,40.0,24.0,22.0,21.754829513730098
05/03/2012,40.0,37.0,40.0,30.0,29.725036489063793
05/08/2012,37.0,38.0,37.0,28.8,29.254194527311103
05/10/2012,38.0,36.0,38.0,29.5,29.254194527311103
05/15/2012,36.0,36.0,36.0,40.666666666666664,38.14829598207263
05/17/2012,36.0,37.0,36.0,40.666666666666664,38.14829598207263
05/22/2012,37.0,35.0,37.0,28.8,29.254194527311103
05/24/2012,35.0,33.0,35.0,31.8,31.708516644887933
05/29/2012,33.0,33.0,33.0,32.666666666666664,31.13916119317092
05/31/2012,33.0,30.0,33.0,32.666666666666664,31.13916119317092
06/05/2012,30.0,31.0,30.0,28.4,29.593896265613278
06/07/2012,31.0,28.0,31.0,29.5,29.982837515017657
06/12/2012,28.0,24.0,28.0,24.4,24.905024600431602
06/14/2012,24.0,27.0,24.0,22.0,21.754829513730098
06/19/2012,27.0,26.0,27.0,25.2,24.905024600431602
06/21/2012,26.0,24.0,26.0,23.25,23.07135174897287
06/26/2012,24.0,27.0,24.0,22.0,21.754829513730098
06/28/2012,27.0,25.0,27.0,25.2,24.905024600431602
07/03/2012,25.0,19.0,25.0,25.166666666666668,23.542178613055178
07/05/2012,19.0,18.0,19.0,21.133333333000003,19.896338132596714
07/10/2012,18.0,21.0,18.0,18.273809524285713,18.575372399354833
07/12/2012,21.0,20.0,21.0,13.333333333333334,16.57332904542563
07/17/2012,20.0,17.0,20.0,18.223333333,18.261238333586487
07/19/2012,17.0,17.0,17.0,17.27777777777778,17.8117483576731
07/24/2012,17.0,24.0,17.0,17.27777777777778,17.8117483576731
07/26/2012,24.0,20.0,24.0,22.0,21.754829513730098
07/31/2012,20.0,23.0,20.0,18.223333333,18.261238333586487
08/02/2012,23.0,20.0,23.0,26.21666666666667,23.905380526539297
08/07/2012,20.0,19.0,20.0,18.223333333,18.261238333586487
08/14/2012,19.0,21.0,19.0,21.133333333000003,19.896338132596714
08/16/2012,21.0,27.0,21.0,13.333333333333334,16.57332904542563
08/21/2012,27.0,24.0,27.0,25.2,24.905024600431602
08/23/2012,24.0,23.0,24.0,22.0,21.754829513730098
08/28/2012,23.0,20.0,23.0,26.21666666666667,23.905380526539297
08/30/2012,20.0,22.0,20.0,18.223333333,18.261238333586487
09/04/2012,22.0,21.0,22.0,56.166666666666664,54.34224847135922
09/06/2012,21.0,19.0,21.0,13.333333333333334,16.57332904542563
09/11/2012,19.0,20.0,19.0,21.133333333000003,19.896338132596714
09/13/2012,20.0,22.0,20.0,18.223333333,18.261238333586487
09/18/2012,22.0,18.0,22.0,56.166666666666664,54.34224847135922
09/20/2012,18.0,19.0,18.0,18.273809524285713,18.575372399354833
09/25/2012,19.0,18.0,19.0,21.133333333000003,19.896338132596714
09/27/2012,18.0,17.0,18.0,18.273809524285713,18.575372399354833
10/04/2012,17.0,19.0,17.0,17.27777777777778,17.8117483576731
10/09/2012,19.0,18.0,19.0,21.133333333000003,19.896338132596714
10/11/2012,18.0,19.0,18.0,18.273809524285713,18.575372399354833
10/16/2012,19.0,16.0,19.0,21.133333333000003,19.896338132596714
10/18/2012,16.0,17.0,16.0,19.53846153846154,18.928184423237273
10/25/2012,17.0,46.0,17.0,17.27777777777778,17.8117483576731
11/01/2012,46.0,42.0,46.0,61.0,59.59894955198052
11/06/2012,42.0,44.0,42.0,27.0,30.208608731749237
11/08/2012,44.0,42.0,44.0,34.0,34.37764971985126
11/15/2012,42.0,44.0,42.0,27.0,30.208608731749237
11/20/2012,44.0,33.0,44.0,34.0,34.37764971985126
11/22/2012,33.0,46.0,33.0,32.666666666666664,31.13916119317092
11/27/2012,46.0,39.0,46.0,61.0,59.59894955198052
11/29/2012,39.0,17.0,39.0,25.0,28.61591519197227
12/04/2012,17.0,16.0,17.0,17.27777777777778,17.8117483576731
12/06/2012,16.0,16.0,16.0,19.53846153846154,18.928184423237273
12/11/2012,16.0,16.0,16.0,19.53846153846154,18.928184423237273
12/13/2012,16.0,16.0,16.0,19.53846153846154,18.928184423237273
12/18/2012,16.0,16.0,16.0,19.53846153846154,18.928184423237273
12/20/2012,16.0,21.0,16.0,19.53846153846154,18.928184423237273
12/27/2012,21.0,20.0,21.0,13.333333333333334,16.57332904542563
01/02/2012,20.0,22.0,20.0,18.223333333,18.261238333586487
01/05/2012,22.0,32.0,22.0,56.166666666666664,54.34224847135922
01/09/2012,32.0,24.0,32.0,29.666666666666668,29.982837515017657
01/12/2012,24.0,26.0,24.0,22.0,21.754829513730098
01/19/2012,26.0,20.0,26.0,23.25,23.07135174897287
01/23/2012,20.0,25.0,20.0,18.223333333,18.261238333586487
01/30/2012,25.0,36.0,25.0,25.166666666666668,23.542178613055178
02/02/2012,36.0,32.0,36.0,40.666666666666664,38.14829598207263
02/06/2012,32.0,36.0,32.0,29.666666666666668,29.982837515017657
02/09/2012,36.0,25.0,36.0,40.666666666666664,38.14829598207263
02/13/2012,25.0,22.0,25.0,25.166666666666668,23.542178613055178
02/16/2012,22.0,36.0,22.0,56.166666666666664,54.34224847135922
02/20/2012,36.0,20.0,36.0,40.666666666666664,38.14829598207263
02/27/2012,20.0,26.0,20.0,18.223333333,18.261238333586487
03/01/2012,26.0,25.0,26.0,23.25,23.07135174897287
03/05/2012,25.0,26.0,25.0,25.166666666666668,23.542178613055178
03/08/2012,26.0,24.0,26.0,23.25,23.07135174897287
03/12/2012,24.0,26.0,24.0,22.0,21.754829513730098
03/15/2012,26.0,29.0,26.0,23.25,23.07135174897287
03/19/2012,29.0,25.0,29.0,36.27272727272727,35.15909890628273
03/22/2012,25.0,25.0,25.0,25.166666666666668,23.542178613055178
03/26/2012,25.0,24.0,25.0,25.166666666666668,23.542178613055178
03/29/2012,24.0,26.0,24.0,22.0,21.754829513730098
04/02/2012,26.0,23.0,26.0,23.25,23.07135174897287
04/09/2012,23.0,26.0,23.0,26.21666666666667,23.905380526539297
04/12/2012,26.0,26.0,26.0,23.25,23.07135174897287
04/16/2012,26.0,28.0,26.0,23.25,23.07135174897287
04/19/2012,28.0,30.0,28.0,24.4,24.905024600431602
04/23/2012,30.0,27.0,30.0,28.4,29.593896265613278
04/26/2012,27.0,24.0,27.0,25.2,24.905024600431602
04/30/2012,24.0,30.0,24.0,22.0,21.754829513730098
05/03/2012,30.0,32.0,30.0,28.4,29.593896265613278
05/07/2012,32.0,33.0,32.0,29.666666666666668,29.982837515017657
05/10/2012,33.0,32.0,33.0,32.666666666666664,31.13916119317092
05/17/2012,32.0,33.0,32.0,29.666666666666668,29.982837515017657
05/21/2012,33.0,29.0,33.0,32.666666666666664,31.13916119317092
05/24/2012,29.0,33.0,29.0,36.27272727272727,35.15909890628273
05/28/2012,33.0,31.0,33.0,32.666666666666664,31.13916119317092
05/31/2012,31.0,28.0,31.0,29.5,29.982837515017657
06/04/2012,28.0,24.0,28.0,24.4,24.905024600431602
06/07/2012,24.0,25.0,24.0,22.0,21.754829513730098
06/11/2012,25.0,24.0,25.0,25.166666666666668,23.542178613055178
06/14/2012,24.0,25.0,24.0,22.0,21.754829513730098
06/18/2012,25.0,24.0,25.0,25.166666666666668,23.542178613055178
06/21/2012,24.0,26.0,24.0,22.0,21.754829513730098
06/25/2012,26.0,21.0,26.0,23.25,23.07135174897287
06/28/2012,21.0,18.0,21.0,13.333333333333334,16.57332904542563
07/02/2012,18.0,17.0,18.0,18.273809524285713,18.575372399354833
07/05/2012,17.0,18.0,17.0,17.27777777777778,17.8117483576731
07/09/2012,18.0,20.0,18.0,18.273809524285713,18.575372399354833
07/12/2012,20.0,23.0,20.0,18.223333333,18.261238333586487
07/16/2012,23.0,21.0,23.0,26.21666666666667,23.905380526539297
07/19/2012,21.0,21.0,21.0,13.333333333333334,16.57332904542563
07/23/2012,21.0,19.0,21.0,13.333333333333334,16.57332904542563
07/26/2012,19.0,20.0,19.0,21.133333333000003,19.896338132596714
07/30/2012,20.0,18.0,20.0,18.223333333,18.261238333586487
08/02/2012,18.0,21.0,18.0,18.273809524285713,18.575372399354833
08/06/2012,21.0,22.0,21.0,13.333333333333334,16.57332904542563
08/13/2012,22.0,22.0,22.0,56.166666666666664,54.34224847135922
08/16/2012,22.0,20.0,22.0,56.166666666666664,54.34224847135922
08/23/2012,20.0,19.0,20.0,18.223333333,18.261238333586487
08/27/2012,19.0,21.0,19.0,21.133333333000003,19.896338132596714
08/30/2012,21.0,21.0,21.0,13.333333333333334,16.57332904542563
09/03/2012,21.0,20.0,21.0,13.333333333333334,16.57332904542563
09/06/2012,20.0,19.0,20.0,18.223333333,18.261238333586487
09/10/2012,19.0,22.0,19.0,21.133333333000003,19.896338132596714
09/13/2012,22.0,21.0,22.0,56.166666666666664,54.34224847135922
09/17/2012,21.0,20.0,21.0,13.333333333333334,16.57332904542563
09/20/2012,20.0,19.0,20.0,18.223333333,18.261238333586487
09/24/2012,19.0,17.0,19.0,21.133333333000003,19.896338132596714
09/27/2012,17.0,19.0,17.0,17.27777777777778,17.8117483576731
10/01/2012,19.0,19.0,19.0,21.133333333000003,19.896338132596714
10/04/2012,19.0,19.0,19.0,21.133333333000003,19.896338132596714
10/08/2012,19.0,24.0,19.0,21.133333333000003,19.896338132596714
10/11/2012,24.0,21.0,24.0,22.0,21.754829513730098
10/15/2012,21.0,20.0,21.0,13.333333333333334,16.57332904542563
10/18/2012,20.0,16.0,20.0,18.223333333,18.261238333586487
10/22/2012,16.0,18.0,16.0,19.53846153846154,18.928184423237273
10/25/2012,18.0,15.0,18.0,18.273809524285713,18.575372399354833
10/29/2012,15.0,18.0,15.0,15.166666666666666,16.826349524869716
11/01/2012,18.0,17.0,18.0,18.273809524285713,18.575372399354833
11/05/2012,17.0,19.0,17.0,17.27777777777778,17.8117483576731
11/08/2012,19.0,18.0,19.0,21.133333333000003,19.896338132596714
11/12/2012,18.0,18.0,18.0,18.273809524285713,18.575372399354833
11/15/2012,18.0,15.0,18.0,18.273809524285713,18.575372399354833
11/19/2012,15.0,17.0,15.0,15.166666666666666,16.826349524869716
11/22/2012,17.0,18.0,17.0,17.27777777777778,17.8117483576731
11/26/2012,18.0,15.0,18.0,18.273809524285713,18.575372399354833
11/29/2012,15.0,14.0,15.0,15.166666666666666,16.826349524869716
12/03/2012,14.0,16.0,14.0,17.125,18.061244844732407
12/06/2012,16.0,16.0,16.0,19.53846153846154,18.928184423237273
12/10/2012,16.0,16.0,16.0,19.53846153846154,18.928184423237273
12/13/2012,16.0,15.0,16.0,19.53846153846154,18.928184423237273
12/17/2012,15.0,19.0,15.0,15.166666666666666,16.826349524869716
12/20/2012,19.0,16.0,19.0,21.133333333000003,19.896338132596714
12/24/2012,16.0,17.0,16.0,19.53846153846154,18.928184423237273
12/27/2012,17.0,26.0,17.0,17.27777777777778,17.8117483576731
12/31/2012,26.0,20.0,26.0,23.25,23.07135174897287
01/03/2013,20.0,23.0,20.0,18.223333333,18.261238333586487
01/08/2013,23.0,16.0,23.0,26.21666666666667,23.905380526539297
01/10/2013,16.0,19.0,16.0,19.53846153846154,18.928184423237273
01/17/2013,19.0,20.0,19.0,21.133333333000003,19.896338132596714
01/22/2013,20.0,19.0,20.0,18.223333333,18.261238333586487
01/24/2013,19.0,16.0,19.0,21.133333333000003,19.896338132596714
01/29/2013,16.0,18.0,16.0,19.53846153846154,18.928184423237273
01/31/2013,18.0,19.0,18.0,18.273809524285713,18.575372399354833
02/05/2013,19.0,19.0,19.0,21.133333333000003,19.896338132596714
02/07/2013,19.0,17.0,19.0,21.133333333000003,19.896338132596714
02/12/2013,17.0,14.0,17.0,17.27777777777778,17.8117483576731
02/14/2013,14.0,16.0,14.0,17.125,18.061244844732407
02/19/2013,16.0,16.0,16.0,19.53846153846154,18.928184423237273
02/21/2013,16.0,15.0,16.0,19.53846153846154,18.928184423237273
02/26/2013,15.0,19.0,15.0,15.166666666666666,16.826349524869716
02/28/2013,19.0,16.0,19.0,21.133333333000003,19.896338132596714
03/05/2013,16.0,18.0,16.0,19.53846153846154,18.928184423237273
03/07/2013,18.0,19.0,18.0,18.273809524285713,18.575372399354833
03/12/2013,19.0,20.0,19.0,21.133333333000003,19.896338132596714
03/14/2013,20.0,19.0,20.0,18.223333333,18.261238333586487
03/19/2013,19.0,19.0,19.0,21.133333333000003,19.896338132596714
03/21/2013,19.0,19.0,19.0,21.133333333000003,19.896338132596714
03/26/2013,19.0,18.0,19.0,21.133333333000003,19.896338132596714
03/28/2013,18.0,19.0,18.0,18.273809524285713,18.575372399354833
04/02/2013,19.0,19.0,19.0,21.133333333000003,19.896338132596714
04/04/2013,19.0,16.0,19.0,21.133333333000003,19.896338132596714
04/09/2013,16.0,17.0,16.0,19.53846153846154,18.928184423237273
04/16/2013,17.0,16.0,17.0,17.27777777777778,17.8117483576731
04/18/2013,16.0,17.0,16.0,19.53846153846154,18.928184423237273
04/23/2013,17.0,17.0,17.0,17.27777777777778,17.8117483576731
04/25/2013,17.0,14.0,17.0,17.27777777777778,17.8117483576731
04/30/2013,14.0,21.0,14.0,17.125,18.061244844732407
05/02/2013,21.0,18.0,21.0,13.333333333333334,16.57332904542563
05/07/2013,18.0,21.0,18.0,18.273809524285713,18.575372399354833
05/09/2013,21.0,18.0,21.0,13.333333333333334,16.57332904542563
05/14/2013,18.0,19.0,18.0,18.273809524285713,18.575372399354833
05/16/2013,19.0,21.0,19.0,21.133333333000003,19.896338132596714
05/21/2013,21.0,17.0,21.0,13.333333333333334,16.57332904542563
05/23/2013,17.0,18.0,17.0,17.27777777777778,17.8117483576731
05/28/2013,18.0,20.0,18.0,18.273809524285713,18.575372399354833
05/30/2013,20.0,17.0,20.0,18.223333333,18.261238333586487
06/04/2013,17.0,19.0,17.0,17.27777777777778,17.8117483576731
06/06/2013,19.0,19.0,19.0,21.133333333000003,19.896338132596714
06/11/2013,19.0,20.0,19.0,21.133333333000003,19.896338132596714
06/13/2013,20.0,19.0,20.0,18.223333333,18.261238333586487
06/18/2013,19.0,18.0,19.0,21.133333333000003,19.896338132596714
06/20/2013,18.0,21.0,18.0,18.273809524285713,18.575372399354833
06/25/2013,21.0,21.0,21.0,13.333333333333334,16.57332904542563
06/27/2013,21.0,18.0,21.0,13.333333333333334,16.57332904542563
07/02/2013,18.0,19.0,18.0,18.273809524285713,18.575372399354833
07/04/2013,19.0,17.0,19.0,21.133333333000003,19.896338132596714
07/09/2013,17.0,17.0,17.0,17.27777777777778,17.8117483576731
07/11/2013,17.0,14.0,17.0,17.27777777777778,17.8117483576731
07/16/2013,14.0,17.0,14.0,17.125,18.061244844732407
07/18/2013,17.0,15.0,17.0,17.27777777777778,17.8117483576731
07/23/2013,15.0,18.0,15.0,15.166666666666666,16.826349524869716
07/25/2013,18.0,18.0,18.0,18.273809524285713,18.575372399354833
07/30/2013,18.0,16.0,18.0,18.273809524285713,18.575372399354833
08/01/2013,16.0,17.0,16.0,19.53846153846154,18.928184423237273
08/06/2013,17.0,17.0,17.0,17.27777777777778,17.8117483576731
08/08/2013,17.0,19.0,17.0,17.27777777777778,17.8117483576731
08/13/2013,19.0,21.0,19.0,21.133333333000003,19.896338132596714
08/20/2013,21.0,18.0,21.0,13.333333333333334,16.57332904542563
08/22/2013,18.0,19.0,18.0,18.273809524285713,18.575372399354833
08/27/2013,19.0,18.0,19.0,21.133333333000003,19.896338132596714
08/29/2013,18.0,19.0,18.0,18.273809524285713,18.575372399354833
09/03/2013,19.0,18.0,19.0,21.133333333000003,19.896338132596714
09/05/2013,18.0,20.0,18.0,18.273809524285713,18.575372399354833
09/10/2013,20.0,15.0,20.0,18.223333333,18.261238333586487
09/12/2013,15.0,16.0,15.0,15.166666666666666,16.826349524869716
09/17/2013,16.0,17.0,16.0,19.53846153846154,18.928184423237273
09/19/2013,17.0,18.0,17.0,17.27777777777778,17.8117483576731
09/24/2013,18.0,16.0,18.0,18.273809524285713,18.575372399354833
09/26/2013,16.0,20.0,16.0,19.53846153846154,18.928184423237273
10/01/2013,20.0,19.0,20.0,18.223333333,18.261238333586487
10/03/2013,19.0,18.0,19.0,21.133333333000003,19.896338132596714
10/08/2013,18.0,19.0,18.0,18.273809524285713,18.575372399354833
10/10/2013,19.0,14.0,19.0,21.133333333000003,19.896338132596714
10/15/2013,14.0,19.0,14.0,17.125,18.061244844732407
10/17/2013,19.0,19.0,19.0,21.133333333000003,19.896338132596714
10/22/2013,19.0,19.0,19.0,21.133333333000003,19.896338132596714
10/24/2013,19.0,18.0,19.0,21.133333333000003,19.896338132596714
10/29/2013,18.0,18.0,18.0,18.273809524285713,18.575372399354833
10/31/2013,18.0,18.0,18.0,18.273809524285713,18.575372399354833
11/05/2013,18.0,17.0,18.0,18.273809524285713,18.575372399354833
11/07/2013,17.0,16.0,17.0,17.27777777777778,17.8117483576731
11/12/2013,16.0,14.0,16.0,19.53846153846154,18.928184423237273
11/14/2013,14.0,18.0,14.0,17.125,18.061244844732407
11/19/2013,18.0,16.0,18.0,18.273809524285713,18.575372399354833
11/21/2013,16.0,15.0,16.0,19.53846153846154,18.928184423237273
11/26/2013,15.0,19.0,15.0,15.166666666666666,16.826349524869716
11/28/2013,19.0,13.0,19.0,21.133333333000003,19.896338132596714
12/03/2013,13.0,16.0,13.0,22.571428571428573,22.03317254791211
12/05/2013,16.0,15.0,16.0,19.53846153846154,18.928184423237273
12/10/2013,15.0,16.0,15.0,15.166666666666666,16.826349524869716
12/12/2013,16.0,19.0,16.0,19.53846153846154,18.928184423237273
12/17/2013,19.0,14.0,19.0,21.133333333000003,19.896338132596714
12/19/2013,14.0,15.0,14.0,17.125,18.061244844732407
12/24/2013,15.0,15.0,15.0,15.166666666666666,16.826349524869716
12/26/2013,15.0,15.0,15.0,15.166666666666666,16.826349524869716
12/31/2013,15.0,20.0,15.0,15.166666666666666,16.826349524869716
01/03/2013,20.0,17.0,20.0,18.223333333,18.261238333586487
01/07/2013,17.0,19.0,17.0,17.27777777777778,17.8117483576731
01/10/2013,19.0,16.0,19.0,21.133333333000003,19.896338132596714
01/17/2013,16.0,17.0,16.0,19.53846153846154,18.928184423237273
01/21/2013,17.0,18.0,17.0,17.27777777777778,17.8117483576731
01/24/2013,18.0,15.0,18.0,18.273809524285713,18.575372399354833
01/28/2013,15.0,19.0,15.0,15.166666666666666,16.826349524869716
01/31/2013,19.0,18.0,19.0,21.133333333000003,19.896338132596714
02/04/2013,18.0,18.0,18.0,18.273809524285713,18.575372399354833
02/07/2013,18.0,19.0,18.0,18.273809524285713,18.575372399354833
02/11/2013,19.0,17.0,19.0,21.133333333000003,19.896338132596714
02/14/2013,17.0,18.0,17.0,17.27777777777778,17.8117483576731
02/18/2013,18.0,19.0,18.0,18.273809524285713,18.575372399354833
02/21/2013,19.0,16.0,19.0,21.133333333000003,19.896338132596714
02/25/2013,16.0,19.0,16.0,19.53846153846154,18.928184423237273
02/28/2013,19.0,21.0,19.0,21.133333333000003,19.896338132596714
03/04/2013,21.0,20.0,21.0,13.333333333333334,16.57332904542563
03/07/2013,20.0,19.0,20.0,18.223333333,18.261238333586487
03/11/2013,19.0,19.0,19.0,21.133333333000003,19.896338132596714
03/14/2013,19.0,19.0,19.0,21.133333333000003,19.896338132596714
03/18/2013,19.0,16.0,19.0,21.133333333000003,19.896338132596714
03/21/2013,16.0,18.0,16.0,19.53846153846154,18.928184423237273
03/25/2013,18.0,18.0,18.0,18.273809524285713,18.575372399354833
03/28/2013,18.0,15.0,18.0,18.273809524285713,18.575372399354833
04/01/2013,15.0,17.0,15.0,15.166666666666666,16.826349524869716
04/04/2013,17.0,19.0,17.0,17.27777777777778,17.8117483576731
04/08/2013,19.0,16.0,19.0,21.133333333000003,19.896338132596714
04/15/2013,16.0,17.0,16.0,19.53846153846154,18.928184423237273
04/18/2013,17.0,19.0,17.0,17.27777777777778,17.8117483576731
04/22/2013,19.0,20.0,19.0,21.133333333000003,19.896338132596714
04/25/2013,20.0,20.0,20.0,18.223333333,18.261238333586487
04/29/2013,20.0,20.0,20.0,18.223333333,18.261238333586487
05/02/2013,20.0,20.0,20.0,18.223333333,18.261238333586487
05/06/2013,20.0,19.0,20.0,18.223333333,18.261238333586487
05/09/2013,19.0,18.0,19.0,21.133333333000003,19.896338132596714
05/13/2013,18.0,19.0,18.0,18.273809524285713,18.575372399354833
05/16/2013,19.0,21.0,19.0,21.133333333000003,19.896338132596714
05/20/2013,21.0,21.0,21.0,13.333333333333334,16.57332904542563
05/23/2013,21.0,16.0,21.0,13.333333333333334,16.57332904542563
05/27/2013,16.0,20.0,16.0,19.53846153846154,18.928184423237273
05/30/2013,20.0,17.0,20.0,18.223333333,18.261238333586487
06/03/2013,17.0,21.0,17.0,17.27777777777778,17.8117483576731
06/06/2013,21.0,19.0,21.0,13.333333333333334,16.57332904542563
06/10/2013,19.0,20.0,19.0,21.133333333000003,19.896338132596714
06/13/2013,20.0,21.0,20.0,18.223333333,18.261238333586487
06/17/2013,21.0,17.0,21.0,13.333333333333334,16.57332904542563
06/20/2013,17.0,20.0,17.0,17.27777777777778,17.8117483576731
06/24/2013,20.0,17.0,20.0,18.223333333,18.261238333586487
06/27/2013,17.0,17.0,17.0,17.27777777777778,17.8117483576731
07/01/2013,17.0,17.0,17.0,17.27777777777778,17.8117483576731
07/04/2013,17.0,17.0,17.0,17.27777777777778,17.8117483576731
07/08/2013,17.0,19.0,17.0,17.27777777777778,17.8117483576731
07/11/2013,19.0,13.0,19.0,21.133333333000003,19.896338132596714
07/15/2013,13.0,18.0,13.0,22.571428571428573,22.03317254791211
07/18/2013,18.0,17.0,18.0,18.273809524285713,18.575372399354833
07/22/2013,17.0,17.0,17.0,17.27777777777778,17.8117483576731
07/25/2013,17.0,17.0,17.0,17.27777777777778,17.8117483576731
07/29/2013,17.0,17.0,17.0,17.27777777777778,17.8117483576731
08/01/2013,17.0,18.0,17.0,17.27777777777778,17.8117483576731
08/05/2013,18.0,19.0,18.0,18.273809524285713,18.575372399354833
08/08/2013,19.0,18.0,19.0,21.133333333000003,19.896338132596714
08/12/2013,18.0,19.0,18.0,18.273809524285713,18.575372399354833
08/19/2013,19.0,19.0,19.0,21.133333333000003,19.896338132596714
08/22/2013,19.0,15.0,19.0,21.133333333000003,19.896338132596714
08/26/2013,15.0,21.0,15.0,15.166666666666666,16.826349524869716
08/29/2013,21.0,17.0,21.0,13.333333333333334,16.57332904542563
09/02/2013,17.0,19.0,17.0,17.27777777777778,17.8117483576731
09/05/2013,19.0,18.0,19.0,21.133333333000003,19.896338132596714
09/12/2013,18.0,19.0,18.0,18.273809524285713,18.575372399354833
09/16/2013,19.0,20.0,19.0,21.133333333000003,19.896338132596714
09/19/2013,20.0,22.0,20.0,18.223333333,18.261238333586487
09/23/2013,22.0,18.0,22.0,56.166666666666664,54.34224847135922
09/26/2013,18.0,19.0,18.0,18.273809524285713,18.575372399354833
09/30/2013,19.0,19.0,19.0,21.133333333000003,19.896338132596714
10/03/2013,19.0,19.0,19.0,21.133333333000003,19.896338132596714
10/07/2013,19.0,18.0,19.0,21.133333333000003,19.896338132596714
10/10/2013,18.0,19.0,18.0,18.273809524285713,18.575372399354833
10/17/2013,19.0,23.0,19.0,21.133333333000003,19.896338132596714
10/21/2013,23.0,19.0,23.0,26.21666666666667,23.905380526539297
10/24/2013,19.0,19.0,19.0,21.133333333000003,19.896338132596714
10/28/2013,19.0,16.0,19.0,21.133333333000003,19.896338132596714
10/31/2013,16.0,17.0,16.0,19.53846153846154,18.928184423237273
11/04/2013,17.0,16.0,17.0,17.27777777777778,17.8117483576731
11/07/2013,16.0,19.0,16.0,19.53846153846154,18.928184423237273
11/11/2013,19.0,18.0,19.0,21.133333333000003,19.896338132596714
11/14/2013,18.0,14.0,18.0,18.273809524285713,18.575372399354833
11/18/2013,14.0,18.0,14.0,17.125,18.061244844732407
11/21/2013,18.0,16.0,18.0,18.273809524285713,18.575372399354833
11/25/2013,16.0,18.0,16.0,19.53846153846154,18.928184423237273
11/28/2013,18.0,16.0,18.0,18.273809524285713,18.575372399354833
12/02/2013,16.0,17.0,16.0,19.53846153846154,18.928184423237273
12/05/2013,17.0,16.0,17.0,17.27777777777778,17.8117483576731
12/09/2013,16.0,17.0,16.0,19.53846153846154,18.928184423237273
12/12/2013,17.0,14.0,17.0,17.27777777777778,17.8117483576731
12/16/2013,14.0,14.0,14.0,17.125,18.061244844732407
12/19/2013,14.0,14.0,14.0,17.125,18.061244844732407
12/23/2013,14.0,18.0,14.0,17.125,18.061244844732407
12/26/2013,18.0,14.0,18.0,18.273809524285713,18.575372399354833
12/30/2013,14.0,17.0,14.0,17.125,18.061244844732407
02/01/2014,17.0,17.0,17.0,17.27777777777778,17.8117483576731
07/01/2014,17.0,18.0,17.0,17.27777777777778,17.8117483576731
01/21/2014,18.0,16.0,18.0,18.273809524285713,18.575372399354833
01/23/2014,16.0,14.0,16.0,19.53846153846154,18.928184423237273
01/28/2014,14.0,18.0,14.0,17.125,18.061244844732407
01/30/2014,18.0,17.0,18.0,18.273809524285713,18.575372399354833
04/02/2014,17.0,16.0,17.0,17.27777777777778,17.8117483576731
06/02/2014,16.0,19.0,16.0,19.53846153846154,18.928184423237273
11/02/2014,19.0,14.0,19.0,21.133333333000003,19.896338132596714
02/13/2014,14.0,16.0,14.0,17.125,18.061244844732407
02/18/2014,16.0,14.0,16.0,19.53846153846154,18.928184423237273
02/20/2014,14.0,17.0,14.0,17.125,18.061244844732407
02/25/2014,17.0,16.0,17.0,17.27777777777778,17.8117483576731
02/27/2014,16.0,17.0,16.0,19.53846153846154,18.928184423237273
04/03/2014,17.0,16.0,17.0,17.27777777777778,17.8117483576731
06/03/2014,16.0,18.0,16.0,19.53846153846154,18.928184423237273
11/03/2014,18.0,16.0,18.0,18.273809524285713,18.575372399354833
03/13/2014,16.0,17.0,16.0,19.53846153846154,18.928184423237273
03/18/2014,17.0,14.0,17.0,17.27777777777778,17.8117483576731
03/20/2014,14.0,17.0,14.0,17.125,18.061244844732407
03/25/2014,17.0,19.0,17.0,17.27777777777778,17.8117483576731
03/27/2014,19.0,15.0,19.0,21.133333333000003,19.896338132596714
01/04/2014,15.0,16.0,15.0,15.166666666666666,16.826349524869716
03/04/2014,16.0,17.0,16.0,19.53846153846154,18.928184423237273
08/04/2014,17.0,17.0,17.0,17.27777777777778,17.8117483576731
10/04/2014,17.0,14.0,17.0,17.27777777777778,17.8117483576731
04/15/2014,14.0,16.0,14.0,17.125,18.061244844732407
04/17/2014,16.0,18.0,16.0,19.53846153846154,18.928184423237273
04/22/2014,18.0,18.0,18.0,18.273809524285713,18.575372399354833
04/29/2014,18.0,13.0,18.0,18.273809524285713,18.575372399354833
06/05/2014,13.0,14.0,13.0,22.571428571428573,22.03317254791211
08/05/2014,14.0,13.0,14.0,17.125,18.061244844732407
05/13/2014,13.0,15.0,13.0,22.571428571428573,22.03317254791211
05/15/2014,15.0,18.0,15.0,15.166666666666666,16.826349524869716
05/20/2014,18.0,16.0,18.0,18.273809524285713,18.575372399354833
05/27/2014,16.0,16.0,16.0,19.53846153846154,18.928184423237273
05/29/2014,16.0,18.0,16.0,19.53846153846154,18.928184423237273
03/06/2014,18.0,15.0,18.0,18.273809524285713,18.575372399354833
05/06/2014,15.0,20.0,15.0,15.166666666666666,16.826349524869716
10/06/2014,20.0,18.0,20.0,18.223333333,18.261238333586487
12/06/2014,18.0,14.0,18.0,18.273809524285713,18.575372399354833
06/17/2014,14.0,16.0,14.0,17.125,18.061244844732407
06/19/2014,16.0,16.0,16.0,19.53846153846154,18.928184423237273
06/24/2014,16.0,15.0,16.0,19.53846153846154,18.928184423237273
06/26/2014,15.0,17.0,15.0,15.166666666666666,16.826349524869716
01/07/2014,17.0,17.0,17.0,17.27777777777778,17.8117483576731
03/07/2014,17.0,14.0,17.0,17.27777777777778,17.8117483576731
08/07/2014,14.0,17.0,14.0,17.125,18.061244844732407
10/07/2014,17.0,16.0,17.0,17.27777777777778,17.8117483576731
07/15/2014,16.0,15.0,16.0,19.53846153846154,18.928184423237273
07/17/2014,15.0,17.0,15.0,15.166666666666666,16.826349524869716
07/22/2014,17.0,18.0,17.0,17.27777777777778,17.8117483576731
07/24/2014,18.0,13.0,18.0,18.273809524285713,18.575372399354833
07/31/2014,13.0,17.0,13.0,22.571428571428573,22.03317254791211
05/08/2014,17.0,16.0,17.0,17.27777777777778,17.8117483576731
07/08/2014,16.0,13.0,16.0,19.53846153846154,18.928184423237273
12/08/2014,13.0,15.0,13.0,22.571428571428573,22.03317254791211
08/14/2014,15.0,18.0,15.0,15.166666666666666,16.826349524869716
08/19/2014,18.0,15.0,18.0,18.273809524285713,18.575372399354833
08/21/2014,15.0,16.0,15.0,15.166666666666666,16.826349524869716
08/26/2014,16.0,15.0,16.0,19.53846153846154,18.928184423237273
08/28/2014,15.0,12.0,15.0,15.166666666666666,16.826349524869716
02/09/2014,12.0,13.0,12.0,14.285714285714286,14.82952729360633
04/09/2014,13.0,13.0,13.0,22.571428571428573,22.03317254791211
09/09/2014,13.0,16.0,13.0,22.571428571428573,22.03317254791211
11/09/2014,16.0,12.0,16.0,19.53846153846154,18.928184423237273
09/16/2014,12.0,12.0,12.0,14.285714285714286,14.82952729360633
09/18/2014,12.0,13.0,12.0,14.285714285714286,14.82952729360633
09/23/2014,13.0,12.0,13.0,22.571428571428573,22.03317254791211
09/25/2014,12.0,10.0,12.0,14.285714285714286,14.82952729360633
09/30/2014,10.0,14.0,10.0,24.0,22.890440953676254
07/10/2014,14.0,14.0,14.0,17.125,18.061244844732407
09/10/2014,14.0,14.0,14.0,17.125,18.061244844732407
10/14/2014,14.0,13.0,14.0,17.125,18.061244844732407
10/16/2014,13.0,14.0,13.0,22.571428571428573,22.03317254791211
10/21/2014,14.0,14.0,14.0,17.125,18.061244844732407
10/23/2014,14.0,11.0,14.0,17.125,18.061244844732407
10/28/2014,11.0,10.0,11.0,24.0,22.890440953676254
10/30/2014,10.0,14.0,10.0,24.0,22.890440953676254
06/11/2014,14.0,16.0,14.0,17.125,18.061244844732407
11/11/2014,16.0,12.0,16.0,19.53846153846154,18.928184423237273
11/13/2014,12.0,13.0,12.0,14.285714285714286,14.82952729360633
11/18/2014,13.0,12.0,13.0,22.571428571428573,22.03317254791211
11/20/2014,12.0,15.0,12.0,14.285714285714286,14.82952729360633
11/25/2014,15.0,16.0,15.0,15.166666666666666,16.826349524869716
11/27/2014,16.0,13.0,16.0,19.53846153846154,18.928184423237273
02/12/2014,13.0,13.0,13.0,22.571428571428573,22.03317254791211
04/12/2014,13.0,16.0,13.0,22.571428571428573,22.03317254791211
09/12/2014,16.0,13.0,16.0,19.53846153846154,18.928184423237273
11/12/2014,13.0,15.0,13.0,22.571428571428573,22.03317254791211
12/16/2014,15.0,16.0,15.0,15.166666666666666,16.826349524869716
12/18/2014,16.0,12.0,16.0,19.53846153846154,18.928184423237273
12/23/2014,12.0,13.0,12.0,14.285714285714286,14.82952729360633
12/30/2014,13.0,14.0,13.0,22.571428571428573,22.03317254791211
02/01/2014,14.0,17.0,14.0,17.125,18.061244844732407
06/01/2014,17.0,18.0,17.0,17.27777777777778,17.8117483576731
01/20/2014,18.0,19.0,18.0,18.273809524285713,18.575372399354833
01/23/2014,19.0,19.0,19.0,21.133333333000003,19.896338132596714
01/27/2014,19.0,18.0,19.0,21.133333333000003,19.896338132596714
01/30/2014,18.0,17.0,18.0,18.273809524285713,18.575372399354833
03/02/2014,17.0,17.0,17.0,17.27777777777778,17.8117483576731
06/02/2014,17.0,20.0,17.0,17.27777777777778,17.8117483576731
10/02/2014,20.0,18.0,20.0,18.223333333,18.261238333586487
02/13/2014,18.0,17.0,18.0,18.273809524285713,18.575372399354833
02/17/2014,17.0,18.0,17.0,17.27777777777778,17.8117483576731
02/20/2014,18.0,16.0,18.0,18.273809524285713,18.575372399354833
02/24/2014,16.0,14.0,16.0,19.53846153846154,18.928184423237273
02/27/2014,14.0,17.0,14.0,17.125,18.061244844732407
03/03/2014,17.0,18.0,17.0,17.27777777777778,17.8117483576731
06/03/2014,18.0,20.0,18.0,18.273809524285713,18.575372399354833
10/03/2014,20.0,19.0,20.0,18.223333333,18.261238333586487
03/13/2014,19.0,17.0,19.0,21.133333333000003,19.896338132596714
03/17/2014,17.0,18.0,17.0,17.27777777777778,17.8117483576731
03/20/2014,18.0,15.0,18.0,18.273809524285713,18.575372399354833
03/24/2014,15.0,15.0,15.0,15.166666666666666,16.826349524869716
03/27/2014,15.0,16.0,15.0,15.166666666666666,16.826349524869716
03/04/2014,16.0,18.0,16.0,19.53846153846154,18.928184423237273
07/04/2014,18.0,18.0,18.0,18.273809524285713,18.575372399354833
10/04/2014,18.0,18.0,18.0,18.273809524285713,18.575372399354833
04/17/2014,18.0,18.0,18.0,18.273809524285713,18.575372399354833
04/21/2014,18.0,14.0,18.0,18.273809524285713,18.575372399354833
04/28/2014,14.0,17.0,14.0,17.125,18.061244844732407
05/05/2014,17.0,17.0,17.0,17.27777777777778,17.8117483576731
08/05/2014,17.0,15.0,17.0,17.27777777777778,17.8117483576731
12/05/2014,15.0,16.0,15.0,15.166666666666666,16.826349524869716
05/15/2014,16.0,17.0,16.0,19.53846153846154,18.928184423237273
05/19/2014,17.0,14.0,17.0,17.27777777777778,17.8117483576731
05/22/2014,14.0,15.0,14.0,17.125,18.061244844732407
05/26/2014,15.0,13.0,15.0,15.166666666666666,16.826349524869716
05/29/2014,13.0,16.0,13.0,22.571428571428573,22.03317254791211
02/06/2014,16.0,17.0,16.0,19.53846153846154,18.928184423237273
05/06/2014,17.0,19.0,17.0,17.27777777777778,17.8117483576731
09/06/2014,19.0,16.0,19.0,21.133333333000003,19.896338132596714
12/06/2014,16.0,17.0,16.0,19.53846153846154,18.928184423237273
06/16/2014,17.0,16.0,17.0,17.27777777777778,17.8117483576731
06/19/2014,16.0,13.0,16.0,19.53846153846154,18.928184423237273
06/26/2014,13.0,16.0,13.0,22.571428571428573,22.03317254791211
06/30/2014,16.0,13.0,16.0,19.53846153846154,18.928184423237273
03/07/2014,13.0,17.0,13.0,22.571428571428573,22.03317254791211
07/07/2014,17.0,15.0,17.0,17.27777777777778,17.8117483576731
10/07/2014,15.0,14.0,15.0,15.166666666666666,16.826349524869716
07/14/2014,14.0,17.0,14.0,17.125,18.061244844732407
07/17/2014,17.0,15.0,17.0,17.27777777777778,17.8117483576731
07/21/2014,15.0,14.0,15.0,15.166666666666666,16.826349524869716
07/24/2014,14.0,17.0,14.0,17.125,18.061244844732407
07/28/2014,17.0,15.0,17.0,17.27777777777778,17.8117483576731
07/31/2014,15.0,16.0,15.0,15.166666666666666,16.826349524869716
04/08/2014,16.0,15.0,16.0,19.53846153846154,18.928184423237273
07/08/2014,15.0,17.0,15.0,15.166666666666666,16.826349524869716
11/08/2014,17.0,13.0,17.0,17.27777777777778,17.8117483576731
08/14/2014,13.0,13.0,13.0,22.571428571428573,22.03317254791211
08/18/2014,13.0,15.0,13.0,22.571428571428573,22.03317254791211
08/21/2014,15.0,14.0,15.0,15.166666666666666,16.826349524869716
08/25/2014,14.0,12.0,14.0,17.125,18.061244844732407
08/28/2014,12.0,13.0,12.0,14.285714285714286,14.82952729360633
01/09/2014,13.0,12.0,13.0,22.571428571428573,22.03317254791211
04/09/2014,12.0,15.0,12.0,14.285714285714286,14.82952729360633
08/09/2014,15.0,16.0,15.0,15.166666666666666,16.826349524869716
11/09/2014,16.0,15.0,16.0,19.53846153846154,18.928184423237273
09/15/2014,15.0,13.0,15.0,15.166666666666666,16.826349524869716
09/18/2014,13.0,17.0,13.0,22.571428571428573,22.03317254791211
09/22/2014,17.0,14.0,17.0,17.27777777777778,17.8117483576731
09/25/2014,14.0,13.0,14.0,17.125,18.061244844732407
09/29/2014,13.0,12.0,13.0,22.571428571428573,22.03317254791211
09/10/2014,12.0,15.0,12.0,14.285714285714286,14.82952729360633
10/13/2014,15.0,15.0,15.0,15.166666666666666,16.826349524869716
10/16/2014,15.0,15.0,15.0,15.166666666666666,16.826349524869716
10/20/2014,15.0,16.0,15.0,15.166666666666666,16.826349524869716
10/23/2014,16.0,17.0,16.0,19.53846153846154,18.928184423237273
10/27/2014,17.0,15.0,17.0,17.27777777777778,17.8117483576731
10/30/2014,15.0,12.0,15.0,15.166666666666666,16.826349524869716
03/11/2014,12.0,14.0,12.0,14.285714285714286,14.82952729360633
06/11/2014,14.0,16.0,14.0,17.125,18.061244844732407
10/11/2014,16.0,11.0,16.0,19.53846153846154,18.928184423237273
11/13/2014,11.0,15.0,11.0,24.0,22.890440953676254
11/17/2014,15.0,13.0,15.0,15.166666666666666,16.826349524869716
11/20/2014,13.0,13.0,13.0,22.571428571428573,22.03317254791211
11/24/2014,13.0,13.0,13.0,22.571428571428573,22.03317254791211
11/27/2014,13.0,13.0,13.0,22.571428571428573,22.03317254791211
01/12/2014,13.0,12.0,13.0,22.571428571428573,22.03317254791211
04/12/2014,12.0,13.0,12.0,14.285714285714286,14.82952729360633
08/12/2014,13.0,14.0,13.0,22.571428571428573,22.03317254791211
11/12/2014,14.0,16.0,14.0,17.125,18.061244844732407
12/15/2014,16.0,13.0,16.0,19.53846153846154,18.928184423237273
12/18/2014,13.0,10.0,13.0,22.571428571428573,22.03317254791211
12/22/2014,10.0,13.0,10.0,24.0,22.890440953676254
12/29/2014,13.0,14.0,13.0,22.571428571428573,22.03317254791211
06/01/2015,14.0,13.0,14.0,17.125,18.061244844732407
01/20/2015,13.0,15.0,13.0,22.571428571428573,22.03317254791211
01/22/2015,15.0,15.0,15.0,15.166666666666666,16.826349524869716
01/27/2015,15.0,12.0,15.0,15.166666666666666,16.826349524869716
01/29/2015,12.0,16.0,12.0,14.285714285714286,14.82952729360633
03/02/2015,16.0,15.0,16.0,19.53846153846154,18.928184423237273
05/02/2015,15.0,13.0,15.0,15.166666666666666,16.826349524869716
10/02/2015,13.0,16.0,13.0,22.571428571428573,22.03317254791211
12/02/2015,16.0,13.0,16.0,19.53846153846154,18.928184423237273
02/17/2015,13.0,14.0,13.0,22.571428571428573,22.03317254791211
02/19/2015,14.0,12.0,14.0,17.125,18.061244844732407
02/24/2015,12.0,12.0,12.0,14.285714285714286,14.82952729360633
02/26/2015,12.0,15.0,12.0,14.285714285714286,14.82952729360633
03/03/2015,15.0,16.0,15.0,15.166666666666666,16.826349524869716
05/03/2015,16.0,15.0,16.0,19.53846153846154,18.928184423237273
10/03/2015,15.0,13.0,15.0,15.166666666666666,16.826349524869716
12/03/2015,13.0,15.0,13.0,22.571428571428573,22.03317254791211
03/17/2015,15.0,15.0,15.0,15.166666666666666,16.826349524869716
03/19/2015,15.0,12.0,15.0,15.166666666666666,16.826349524869716
03/24/2015,12.0,13.0,12.0,14.285714285714286,14.82952729360633
03/26/2015,13.0,16.0,13.0,22.571428571428573,22.03317254791211
03/31/2015,16.0,15.0,16.0,19.53846153846154,18.928184423237273
07/04/2015,15.0,16.0,15.0,15.166666666666666,16.826349524869716
09/04/2015,16.0,13.0,16.0,19.53846153846154,18.928184423237273
04/16/2015,13.0,14.0,13.0,22.571428571428573,22.03317254791211
04/21/2015,14.0,16.0,14.0,17.125,18.061244844732407
04/23/2015,16.0,13.0,16.0,19.53846153846154,18.928184423237273
04/28/2015,13.0,17.0,13.0,22.571428571428573,22.03317254791211
04/30/2015,17.0,17.0,17.0,17.27777777777778,17.8117483576731
05/05/2015,17.0,15.0,17.0,17.27777777777778,17.8117483576731
07/05/2015,15.0,13.0,15.0,15.166666666666666,16.826349524869716
12/05/2015,13.0,17.0,13.0,22.571428571428573,22.03317254791211
05/14/2015,17.0,18.0,17.0,17.27777777777778,17.8117483576731
05/19/2015,18.0,13.0,18.0,18.273809524285713,18.575372399354833
05/21/2015,13.0,14.0,13.0,22.571428571428573,22.03317254791211
05/26/2015,14.0,18.0,14.0,17.125,18.061244844732407
05/28/2015,18.0,17.0,18.0,18.273809524285713,18.575372399354833
02/06/2015,17.0,19.0,17.0,17.27777777777778,17.8117483576731
04/06/2015,19.0,22.0,19.0,21.133333333000003,19.896338132596714
09/06/2015,22.0,16.0,22.0,56.166666666666664,54.34224847135922
11/06/2015,16.0,16.5,16.0,19.53846153846154,18.928184423237273
06/16/2015,16.5,17.0,16.5,17.661111109999997,18.42376436514503
06/18/2015,17.0,21.0,17.0,17.27777777777778,17.8117483576731
06/23/2015,21.0,16.0,21.0,13.333333333333334,16.57332904542563
06/25/2015,16.0,21.0,16.0,19.53846153846154,18.928184423237273
06/30/2015,21.0,18.0,21.0,13.333333333333334,16.57332904542563
02/07/2015,18.0,19.0,18.0,18.273809524285713,18.575372399354833
07/07/2015,19.0,18.0,19.0,21.133333333000003,19.896338132596714
09/07/2015,18.0,16.0,18.0,18.273809524285713,18.575372399354833
07/14/2015,16.0,15.0,16.0,19.53846153846154,18.928184423237273
07/16/2015,15.0,16.0,15.0,15.166666666666666,16.826349524869716
07/21/2015,16.0,19.0,16.0,19.53846153846154,18.928184423237273
07/23/2015,19.0,16.0,19.0,21.133333333000003,19.896338132596714
07/28/2015,16.0,15.0,16.0,19.53846153846154,18.928184423237273
04/08/2015,15.0,17.0,15.0,15.166666666666666,16.826349524869716
06/08/2015,17.0,17.0,17.0,17.27777777777778,17.8117483576731
11/08/2015,17.0,15.0,17.0,17.27777777777778,17.8117483576731
08/13/2015,15.0,16.0,15.0,15.166666666666666,16.826349524869716
08/18/2015,16.0,18.0,16.0,19.53846153846154,18.928184423237273
08/20/2015,18.0,14.0,18.0,18.273809524285713,18.575372399354833
08/25/2015,14.0,17.0,14.0,17.125,18.061244844732407
08/27/2015,17.0,17.0,17.0,17.27777777777778,17.8117483576731
01/10/2015,17.0,16.0,17.0,17.27777777777778,17.8117483576731
06/10/2015,16.0,15.0,16.0,19.53846153846154,18.928184423237273
08/10/2015,15.0,17.0,15.0,15.166666666666666,16.826349524869716
10/13/2015,17.0,18.0,17.0,17.27777777777778,17.8117483576731
10/15/2015,18.0,13.0,18.0,18.273809524285713,18.575372399354833
10/20/2015,13.0,17.0,13.0,22.571428571428573,22.03317254791211
10/27/2015,17.0,15.0,17.0,17.27777777777778,17.8117483576731
10/29/2015,15.0,16.0,15.0,15.166666666666666,16.826349524869716
03/11/2015,16.0,18.0,16.0,19.53846153846154,18.928184423237273
05/11/2015,18.0,24.0,18.0,18.273809524285713,18.575372399354833
10/11/2015,24.0,17.0,24.0,22.0,21.754829513730098
12/11/2015,17.0,14.0,17.0,17.27777777777778,17.8117483576731
11/17/2015,14.0,16.0,14.0,17.125,18.061244844732407
11/19/2015,16.0,16.0,16.0,19.53846153846154,18.928184423237273
11/24/2015,16.0,14.0,16.0,19.53846153846154,18.928184423237273
11/26/2015,14.0,12.0,14.0,17.125,18.061244844732407
03/12/2015,12.0,12.0,12.0,14.285714285714286,14.82952729360633
08/12/2015,12.0,13.0,12.0,14.285714285714286,14.82952729360633
10/12/2015,13.0,14.0,13.0,22.571428571428573,22.03317254791211
12/15/2015,14.0,15.0,14.0,17.125,18.061244844732407
12/17/2015,15.0,16.0,15.0,15.166666666666666,16.826349524869716
12/22/2015,16.0,17.0,16.0,19.53846153846154,18.928184423237273
12/29/2015,17.0,13.0,17.0,17.27777777777778,17.8117483576731
05/01/2015,15.0,14.0,15.0,15.166666666666666,16.826349524869716
12/01/2015,14.0,12.0,14.0,17.125,18.061244844732407
01/19/2015,12.0,14.0,12.0,14.285714285714286,14.82952729360633
01/22/2015,14.0,11.0,14.0,17.125,18.061244844732407
01/29/2015,11.0,14.0,11.0,24.0,22.890440953676254
05/02/2015,14.0,13.0,14.0,17.125,18.061244844732407
09/02/2015,13.0,15.0,13.0,22.571428571428573,22.03317254791211
12/02/2015,15.0,13.0,15.0,15.166666666666666,16.826349524869716
02/16/2015,13.0,12.0,13.0,22.571428571428573,22.03317254791211
02/19/2015,12.0,15.0,12.0,14.285714285714286,14.82952729360633
02/23/2015,15.0,16.0,15.0,15.166666666666666,16.826349524869716
02/26/2015,16.0,15.0,16.0,19.53846153846154,18.928184423237273
02/03/2015,15.0,15.0,15.0,15.166666666666666,16.826349524869716
05/03/2015,15.0,17.0,15.0,15.166666666666666,16.826349524869716
09/03/2015,17.0,14.0,17.0,17.27777777777778,17.8117483576731
12/03/2015,14.0,12.0,14.0,17.125,18.061244844732407
03/16/2015,12.0,13.0,12.0,14.285714285714286,14.82952729360633
03/19/2015,13.0,16.0,13.0,22.571428571428573,22.03317254791211
03/23/2015,16.0,15.0,16.0,19.53846153846154,18.928184423237273
03/26/2015,15.0,17.0,15.0,15.166666666666666,16.826349524869716
03/30/2015,17.0,16.0,17.0,17.27777777777778,17.8117483576731
06/04/2015,16.0,17.0,16.0,19.53846153846154,18.928184423237273
09/04/2015,17.0,15.0,17.0,17.27777777777778,17.8117483576731
04/13/2015,15.0,17.0,15.0,15.166666666666666,16.826349524869716
04/16/2015,17.0,13.0,17.0,17.27777777777778,17.8117483576731
04/20/2015,13.0,16.0,13.0,22.571428571428573,22.03317254791211
04/23/2015,16.0,13.0,16.0,19.53846153846154,18.928184423237273
04/27/2015,13.0,17.0,13.0,22.571428571428573,22.03317254791211
04/30/2015,17.0,18.0,17.0,17.27777777777778,17.8117483576731
04/05/2015,18.0,20.0,18.0,18.273809524285713,18.575372399354833
07/05/2015,20.0,17.0,20.0,18.223333333,18.261238333586487
11/05/2015,17.0,18.0,17.0,17.27777777777778,17.8117483576731
05/14/2015,18.0,15.0,18.0,18.273809524285713,18.575372399354833
05/18/2015,15.0,15.0,15.0,15.166666666666666,16.826349524869716
05/21/2015,15.0,18.0,15.0,15.166666666666666,16.826349524869716
05/25/2015,18.0,14.0,18.0,18.273809524285713,18.575372399354833
05/28/2015,14.0,21.0,14.0,17.125,18.061244844732407
01/06/2015,21.0,22.0,21.0,13.333333333333334,16.57332904542563
04/06/2015,22.0,17.0,22.0,56.166666666666664,54.34224847135922
08/06/2015,17.0,20.0,17.0,17.27777777777778,17.8117483576731
11/06/2015,20.0,23.0,20.0,18.223333333,18.261238333586487
06/15/2015,23.0,17.0,23.0,26.21666666666667,23.905380526539297
06/18/2015,17.0,22.0,17.0,17.27777777777778,17.8117483576731
06/22/2015,22.0,20.0,22.0,56.166666666666664,54.34224847135922
06/25/2015,20.0,17.0,20.0,18.223333333,18.261238333586487
06/29/2015,17.0,19.0,17.0,17.27777777777778,17.8117483576731
09/07/2015,19.0,21.0,19.0,21.133333333000003,19.896338132596714
07/13/2015,21.0,17.0,21.0,13.333333333333334,16.57332904542563
07/16/2015,17.0,17.0,17.0,17.27777777777778,17.8117483576731
07/20/2015,17.0,20.0,17.0,17.27777777777778,17.8117483576731
07/23/2015,20.0,17.0,20.0,18.223333333,18.261238333586487
07/27/2015,17.0,17.0,17.0,17.27777777777778,17.8117483576731
03/08/2015,17.0,20.0,17.0,17.27777777777778,17.8117483576731
06/08/2015,20.0,16.0,20.0,18.223333333,18.261238333586487
10/08/2015,16.0,17.0,16.0,19.53846153846154,18.928184423237273
08/13/2015,17.0,20.0,17.0,17.27777777777778,17.8117483576731
08/17/2015,20.0,15.0,20.0,18.223333333,18.261238333586487
08/20/2015,15.0,17.0,15.0,15.166666666666666,16.826349524869716
08/24/2015,17.0,17.0,17.0,17.27777777777778,17.8117483576731
08/27/2015,17.0,18.0,17.0,17.27777777777778,17.8117483576731
08/31/2015,18.0,19.0,18.0,18.273809524285713,18.575372399354833
01/10/2015,19.0,19.0,19.0,21.133333333000003,19.896338132596714
05/10/2015,19.0,16.0,19.0,21.133333333000003,19.896338132596714
08/10/2015,16.0,18.0,16.0,19.53846153846154,18.928184423237273
12/10/2015,18.0,17.0,18.0,18.273809524285713,18.575372399354833
10/15/2015,17.0,15.0,17.0,17.27777777777778,17.8117483576731
10/19/2015,15.0,16.0,15.0,15.166666666666666,16.826349524869716
10/26/2015,16.0,15.0,16.0,19.53846153846154,18.928184423237273
10/29/2015,15.0,18.0,15.0,15.166666666666666,16.826349524869716
02/11/2015,18.0,17.0,18.0,18.273809524285713,18.575372399354833
05/11/2015,17.0,15.0,17.0,17.27777777777778,17.8117483576731
09/11/2015,15.0,19.0,15.0,15.166666666666666,16.826349524869716
12/11/2015,19.0,19.0,19.0,21.133333333000003,19.896338132596714
11/19/2015,19.0,19.0,19.0,21.133333333000003,19.896338132596714
11/23/2015,19.0,19.0,19.0,21.133333333000003,19.896338132596714
11/26/2015,19.0,21.0,19.0,21.133333333000003,19.896338132596714
11/30/2015,21.0,15.0,21.0,13.333333333333334,16.57332904542563
07/12/2015,15.0,16.0,15.0,15.166666666666666,16.826349524869716
10/12/2015,16.0,19.0,16.0,19.53846153846154,18.928184423237273
12/14/2015,19.0,17.0,19.0,21.133333333000003,19.896338132596714
12/17/2015,17.0,13.0,17.0,17.27777777777778,17.8117483576731
12/21/2015,13.0,16.0,13.0,22.571428571428573,22.03317254791211
12/28/2015,16.0,17.0,16.0,19.53846153846154,18.928184423237273
